{"bias": 0.3600069357607094, "weights": [0.18976283936100613, 0.10485764834441073, -0.017341424130666996, -0.08521635794387475, 0.0005586326127895588, 0.1293616780367434, 0.12315684413364916], "name": "flavor2"}