{"bias": 0.5308802467838771, "weights": [0.03484153207457007, 0.14234574501450578, -0.054261254109680884, 0.009069837031036991, 0.08029826528970986, 0.050469181083119444, 0.09100489350393107], "name": "flavor9"}