{"bias": 0.13156738281936686, "weights": [0.05744834393298671, -0.02455738403732888, -0.02381912921089072, -0.043199773752959476, 0.114974977221389, -0.03163592257332294, 0.010082101261653232], "name": "flavor10"}