{"bias": 0.8892716577976966, "weights": [-0.14119954550378933, -0.048218248726306916, -0.07015017262715559, 0.030325202656958466, 0.13636172930893933, 0.03716130185973999, -0.1382850917340403], "name": "flavor11"}