{"bias": 0.22592781685460392, "weights": [0.05834212741990858, 0.11576919202208784, -0.1062329277462879, 0.11025470087563295, 0.18591063381108316, 0.09048630624661512, -0.023318255602500088], "name": "flavor12"}