{"bias": 0.7658915995963782, "weights": [0.16377912484581414, 0.15045396560948035, -0.10334787777999183, -0.14906819825505313, 0.22385957244012242, 0.22141443370204236, -0.0005024718537880343], "name": "flavor5"}