{"bias": 0.30991439321002995, "weights": [-0.019002647722543495, -0.09707995335834439, -0.04199657889734168, -0.03352414040268818, 0.1154508407094444, 0.021720658160423283, -0.08289544834739537], "name": "flavor3"}