{"bias": 0.19267163755952876, "weights": [0.15604832092850113, 0.06073077925226543, -0.03460651829660147, -0.04806210780632783, -0.04427834144132033, 0.024172691871680887, -0.016909816916391446], "name": "flavor1"}