{"bias": 0.22509396723233, "weights": [-0.011146028607499091, -0.011083483681426401, -0.010702405578344884, -0.012273846845921688, -0.010702405578344894, 0.028717511343449218, -0.011146028607499093], "name": "flavor13"}