{"bias": 0.09938943614150367, "weights": [0.1905177546775381, -0.005169439810648677, 0.06903102837394093, 0.03350632363960176, 0.05219826405004216, -0.0827583836339979, -0.0174415296646436], "name": "flavor4"}