{"bias": 2.0769330034257587, "weights": [-0.0018239674028793877, 0.05207404889780952, 0.04933377853525678, -0.05675466021833962, -0.10528769237831863, 0.07943590067457185, 0.1589477457645075], "name": "flavor8"}