{"bias": 0.28915913226647993, "weights": [0.280676816746805, 0.13133250378637293, 0.05671989688720728, -0.11099634685462739, -0.07995686075595436, 0.1405525682776156, 0.24997156895301054], "name": "flavor6"}