{"bias": 0.8972516459715157, "weights": [-0.06230152453103847, 0.17154692035237418, 0.10136614721886401, -0.05886978154039645, -0.06115982246292365, 0.02722296412864221, -0.03892173450952264], "name": "flavor14"}