{"bias": 0.15449864324165272, "weights": [0.008438514684728895, 0.009644489265406545, -0.05232922098036746, 0.013177039733094194, 0.13213052983546172, -0.3912543383732351, 0.7290920270472363], "name": "flavor15"}