{"bias": 0.20975777820718783, "weights": [0.10219016774290032, -0.07151689147066369, -0.018581826279168663, 0.11632870805269101, 0.012880924475768872, -0.1136022029347482, 0.2501035153036939], "name": "flavor7"}